{"verts":[-0.010000,-0.010000,0.010000,-0.010000,0.010000,0.010000,-0.010000,0.010000,-0.010000,-0.010000,-0.010000,-0.010000,-0.010000,0.010000,-0.010000,0.010000,0.010000,-0.010000,0.010000,-0.010000,-0.010000,0.010000,0.010000,-0.010000,0.010000,0.010000,0.010000,0.010000,-0.010000,0.010000,0.010000,0.010000,0.010000,-0.010000,0.010000,0.010000,-0.010000,-0.010000,-0.010000,0.010000,-0.010000,-0.010000,0.010000,-0.010000,0.010000,0.010000,0.010000,-0.010000,-0.010000,0.010000,-0.010000,-0.010000,0.010000,0.010000],
"indices":[0,1,2,3,4,5,6,7,8,9,10,11,12,13,14,15,16,17],
"texcoords":[0.375000,0.000000,0.625000,0.000000,0.625000,0.250000,0.375000,0.250000,0.625000,0.250000,0.625000,0.500000,0.375000,0.500000,0.625000,0.500000,0.625000,0.750000,0.375000,0.750000,0.625000,0.750000,0.625000,1.000000,0.125000,0.500000,0.375000,0.500000,0.375000,0.750000,0.625000,0.500000,0.875000,0.500000,0.875000,0.750000],
"normals":[-1.000000,-0.000000,-0.000000,-1.000000,-0.000000,-0.000000,-1.000000,-0.000000,-0.000000,-0.000000,-0.000000,-1.000000,-0.000000,-0.000000,-1.000000,-0.000000,-0.000000,-1.000000,1.000000,-0.000000,-0.000000,1.000000,-0.000000,-0.000000,1.000000,-0.000000,-0.000000,-0.000000,-0.000000,1.000000,-0.000000,-0.000000,1.000000,-0.000000,-0.000000,1.000000,-0.000000,-1.000000,-0.000000,-0.000000,-1.000000,-0.000000,-0.000000,-1.000000,-0.000000,-0.000000,1.000000,-0.000000,-0.000000,1.000000,-0.000000,-0.000000,1.000000,-0.000000]}